"id","year","album","song","danceability","energy","speechiness","acousticness","liveness","valence","duration_ms","vocals"
100,1967,"Sgt. Pepper's Lonely Hearts Club Band","lucy in the sky with diamonds",-1.69398204973224,-1.11308391116533,-0.593518648367318,-1.15243865177185,-0.391168723327082,0.0283499083020827,0.873580942653656,0
101,1967,"Sgt. Pepper's Lonely Hearts Club Band","getting better",0.791840313356713,-0.348698883026862,-0.375602645786361,-0.221310543402453,-0.739435070547323,0.45969360683432,0.119657143583175,1
104,1967,"Sgt. Pepper's Lonely Hearts Club Band","being for the benefit of mr.kite!",-0.0290231461056839,-0.652358688725707,-0.0470523649719951,-0.133831390041931,-0.595608260485867,0.217062776409936,-0.078171474672437,0
106,1967,"Sgt. Pepper's Lonely Hearts Club Band","when im sixty four",1.3494079461991,-1.55286707803953,0.0535242516038312,0.870429290536862,-0.65930299065594,-0.0031022363825596,-0.0756675514792518,1
119,1967,"Magical Mystery Tour","penny lane",0.938976216467897,-0.259695146873752,-0.482884370133909,-0.574726322978962,-0.40657873869081,-0.771433199393107,0.358333344676869,1
126,1968,"The Beatles (white album)","wild honey pie",2.0308794974509,1.18007117325009,0.154100868179657,0.170596063652685,2.94766793881387,-2.29012247130869,-2.03197900511608,1
129,1968,"The Beatles (white album)","happiness is a warm gun",-0.764702661661606,0.0125515754769377,0.43236284070611,0.513514344825932,-0.237068569689807,-0.996091375711981,0.0528920870962287,0
181,1969,"Abbey Road","her majesty",1.34166395129851,-1.68899043921487,1.44818666812196,1.23084340238221,-0.437398769418265,-0.627651966549028,-2.53623923863322,1
